{"cameraMode":{"drawMode":0,"name":"Shaded","section":"Shading Mode"},"sceneLighting":false,"audioPlay":false,"sceneViewState":{"showFog":false,"showMaterialUpdate":false,"showSkybox":false,"showFlares":false,"showImageEffects":false,"showParticleSystems":false},"in2DMode":false,"pivot":{"x":-79.26615905761719,"y":-60.03947067260742,"z":93.32186126708985},"rotation":{"x":0.3018396496772766,"y":0.12239480763673783,"z":-0.03979786857962608,"w":0.944807231426239},"size":213.6354217529297,"orthographic":false}