{"cameraMode":{"drawMode":0,"name":"Shaded","section":"Shading Mode"},"sceneLighting":false,"audioPlay":false,"sceneViewState":{"showFog":true,"showMaterialUpdate":true,"showSkybox":true,"showFlares":true,"showImageEffects":true,"showParticleSystems":true},"in2DMode":false,"pivot":{"x":13.575264930725098,"y":1.832151174545288,"z":16.355037689208986},"rotation":{"x":0.01438684482127428,"y":0.012935798615217209,"z":0.0007268224726431072,"w":-1.0001314878463746},"size":2.156240701675415,"orthographic":false}